{"cameraMode":{"drawMode":0,"name":"Shaded","section":"Shading Mode"},"sceneLighting":true,"audioPlay":false,"sceneViewState":{"showFog":true,"showMaterialUpdate":false,"showSkybox":true,"showFlares":true,"showImageEffects":true,"showParticleSystems":true},"in2DMode":false,"pivot":{"x":33.75160217285156,"y":0.6283237934112549,"z":53.87246322631836},"rotation":{"x":0.02627790905535221,"y":0.9290574193000794,"z":-0.3628176748752594,"w":0.0672893151640892},"size":8.432087898254395,"orthographic":false}