{"cameraMode":{"drawMode":0,"name":"Shaded","section":"Shading Mode"},"sceneLighting":false,"audioPlay":false,"sceneViewState":{"showFog":true,"showMaterialUpdate":false,"showSkybox":false,"showFlares":true,"showImageEffects":true,"showParticleSystems":true},"in2DMode":false,"pivot":{"x":10.526418685913086,"y":0.9969707727432251,"z":48.326080322265628},"rotation":{"x":0.19040359556674958,"y":0.5827549695968628,"z":-0.14280115067958833,"w":0.7770161628723145},"size":1.284565806388855,"orthographic":false}