{"cameraMode":{"drawMode":0,"name":"Shaded","section":"Shading Mode"},"sceneLighting":false,"audioPlay":false,"sceneViewState":{"showFog":true,"showMaterialUpdate":false,"showSkybox":false,"showFlares":true,"showImageEffects":true,"showParticleSystems":true},"in2DMode":false,"pivot":{"x":0.0002238154411315918,"y":0.6895631551742554,"z":-0.00794200599193573},"rotation":{"x":0.19040359556674958,"y":0.5827549695968628,"z":-0.14280115067958833,"w":0.7770161628723145},"size":0.954885721206665,"orthographic":false}