{"cameraMode":{"drawMode":0,"name":"Shaded","section":"Shading Mode"},"sceneLighting":true,"audioPlay":false,"sceneViewState":{"showFog":true,"showMaterialUpdate":false,"showSkybox":true,"showFlares":true,"showImageEffects":true,"showParticleSystems":true},"in2DMode":false,"pivot":{"x":9.860136032104493,"y":0.6369507312774658,"z":47.09775924682617},"rotation":{"x":0.05461033806204796,"y":0.7848597168922424,"z":-0.06988684087991715,"w":0.6132950782775879},"size":3.0548858642578127,"orthographic":false}