{"cameraMode":{"drawMode":0,"name":"Shaded","section":"Shading Mode"},"sceneLighting":false,"audioPlay":false,"sceneViewState":{"showFog":true,"showMaterialUpdate":false,"showSkybox":false,"showFlares":true,"showImageEffects":true,"showParticleSystems":true},"in2DMode":false,"pivot":{"x":0.332855224609375,"y":0.5526580810546875,"z":0.8760826587677002},"rotation":{"x":0.17535468935966493,"y":0.6892215013504028,"z":-0.1776837706565857,"w":0.6801866292953491},"size":21.133766174316408,"orthographic":false}