{"cameraMode":{"drawMode":0,"name":"Shaded","section":"Shading Mode"},"sceneLighting":true,"audioPlay":false,"sceneViewState":{"showFog":true,"showMaterialUpdate":false,"showSkybox":true,"showFlares":true,"showImageEffects":true,"showParticleSystems":true},"in2DMode":false,"pivot":{"x":1.1213359832763672,"y":3.1638097763061525,"z":-2.6394033432006838},"rotation":{"x":-0.04689518362283707,"y":0.9373255968093872,"z":-0.13908448815345765,"w":-0.31603753566741946},"size":10.323675155639649,"orthographic":false}