{"cameraMode":{"drawMode":0,"name":"Shaded","section":"Shading Mode"},"sceneLighting":true,"audioPlay":false,"sceneViewState":{"showFog":true,"showMaterialUpdate":false,"showSkybox":true,"showFlares":true,"showImageEffects":true,"showParticleSystems":true},"in2DMode":false,"pivot":{"x":64.31021881103516,"y":0.6895631551742554,"z":70.05205535888672},"rotation":{"x":-0.20437023043632508,"y":0.11627165973186493,"z":-0.024455644190311433,"w":-0.9716589450836182},"size":0.95488440990448,"orthographic":false}