{"cameraMode":{"drawMode":0,"name":"Shaded","section":"Shading Mode"},"sceneLighting":true,"audioPlay":false,"sceneViewState":{"showFog":true,"showMaterialUpdate":false,"showSkybox":true,"showFlares":true,"showImageEffects":true,"showParticleSystems":true},"in2DMode":false,"pivot":{"x":64.31021881103516,"y":0.6895631551742554,"z":70.05205535888672},"rotation":{"x":-0.18549171090126038,"y":0.6647319793701172,"z":-0.17563045024871827,"w":-0.7020566463470459},"size":9.872207641601563,"orthographic":false}