{"cameraMode":{"drawMode":0,"name":"Shaded","section":"Shading Mode"},"sceneLighting":false,"audioPlay":false,"sceneViewState":{"showFog":true,"showMaterialUpdate":false,"showSkybox":false,"showFlares":true,"showImageEffects":true,"showParticleSystems":true},"in2DMode":false,"pivot":{"x":64.31021881103516,"y":0.5,"z":72.4000015258789},"rotation":{"x":-0.20436953008174897,"y":0.11627127230167389,"z":-0.024455562233924867,"w":-0.9716563820838928},"size":0.8660283088684082,"orthographic":false}