{"cameraMode":{"drawMode":0,"name":"Shaded","section":"Shading Mode"},"sceneLighting":true,"audioPlay":false,"sceneViewState":{"showFog":true,"showMaterialUpdate":false,"showSkybox":true,"showFlares":true,"showImageEffects":true,"showParticleSystems":true},"in2DMode":false,"pivot":{"x":46.25111389160156,"y":-8.160411834716797,"z":71.35114288330078},"rotation":{"x":-0.04107876121997833,"y":0.9308245778083801,"z":-0.3459188938140869,"w":-0.11053778976202011},"size":438.8497619628906,"orthographic":false}