{"cameraMode":{"drawMode":0,"name":"Shaded","section":"Shading Mode"},"sceneLighting":false,"audioPlay":false,"sceneViewState":{"m_AlwaysRefresh":false,"showFog":true,"showSkybox":false,"showFlares":true,"showImageEffects":true,"showParticleSystems":true,"showVisualEffectGraphs":true,"m_FxEnabled":true},"in2DMode":false,"pivot":{"x":0.12502694129943849,"y":1.5189077854156495,"z":2.7955210208892824},"rotation":{"x":-0.031624920666217807,"y":0.9675187468528748,"z":-0.15545234084129334,"w":-0.19683001935482026},"size":0.33138996362686159,"orthographic":false}